job_id,stage_id,lane,evidence_role,protocol_manifest_consumed,seed_aggregation_allowed,data_window_independence,model_declared,model_argument,model_scale,model_availability,seed,target_rate,tensor_scope,expected_selected_tensors,planned_calibration_tokens_per_tensor,planned_eval_nll_tokens,status,exit_code,actual_selected_tensors,actual_calibration_tokens_min,actual_calibration_tokens_max,actual_eval_tokens,artifact_scope,reference_artifact_bytes,cuda_device,reason
s0_qwen_two_stage_sentinel__seed17__rate0p300,s0_qwen_two_stage_sentinel,A_post_training_no_backward,scalability_smoke,False,False,independent_train_validation_test_splits_test_reserved_until_after_validation_selection,Qwen/Qwen2.5-3B-Instruct,/home/spco/base-2-bitnet/.hf_cache/hub/models--Qwen--Qwen2.5-3B-Instruct/snapshots/aa8e72537993ba99e69dfaafa59ed015b17504d1,3B,required,17,0.3,layer0_gate_two_stage,1,512,254,completed_valid,0,1,512,512,254,selected_linear_weights_only,45089472,NVIDIA A800 80GB PCIe,
s0_llama_two_stage_sentinel__seed17__rate0p300,s0_llama_two_stage_sentinel,A_post_training_no_backward,scalability_smoke,False,False,independent_train_validation_test_splits_test_reserved_until_after_validation_selection,meta-llama/Llama-2-7b-hf,meta-llama/Llama-2-7b-hf,7B,required,17,0.3,layer0_gate_two_stage,1,1024,508,planned,,,,,,,,,
s0_mistral_two_stage_sentinel__seed17__rate0p300,s0_mistral_two_stage_sentinel,A_post_training_no_backward,scalability_smoke,False,False,independent_train_validation_test_splits_test_reserved_until_after_validation_selection,mistralai/Mistral-7B-v0.1,mistralai/Mistral-7B-v0.1,7B,required,17,0.3,layer0_gate_two_stage,1,1024,508,planned,,,,,,,,,
s1_qwen_three_depth_interactions__seed17__rate0p300,s1_qwen_three_depth_interactions,A_post_training_no_backward,scalability_smoke,False,False,independent_train_validation_test_splits_test_reserved_until_after_validation_selection,Qwen/Qwen2.5-3B-Instruct,/home/spco/base-2-bitnet/.hf_cache/hub/models--Qwen--Qwen2.5-3B-Instruct/snapshots/aa8e72537993ba99e69dfaafa59ed015b17504d1,3B,required,17,0.3,three_depth_gate_up,6,2048,1016,planned,,,,,,,,,
s2_llama_three_depth_interactions__seed17__rate0p300,s2_llama_three_depth_interactions,A_post_training_no_backward,scalability_smoke,False,False,independent_train_validation_test_splits_test_reserved_until_after_validation_selection,meta-llama/Llama-2-7b-hf,meta-llama/Llama-2-7b-hf,7B,required,17,0.3,three_depth_gate_up,6,1536,762,planned,,,,,,,,,
s2_mistral_three_depth_interactions__seed17__rate0p300,s2_mistral_three_depth_interactions,A_post_training_no_backward,scalability_smoke,False,False,independent_train_validation_test_splits_test_reserved_until_after_validation_selection,mistralai/Mistral-7B-v0.1,mistralai/Mistral-7B-v0.1,7B,required,17,0.3,three_depth_gate_up,6,1536,762,planned,,,,,,,,,
s3_qwen_full_mlp_feasibility__seed17__rate0p300,s3_qwen_full_mlp_feasibility,A_post_training_no_backward,scalability_smoke,False,False,independent_train_validation_test_splits_test_reserved_until_after_validation_selection,Qwen/Qwen2.5-3B-Instruct,/home/spco/base-2-bitnet/.hf_cache/hub/models--Qwen--Qwen2.5-3B-Instruct/snapshots/aa8e72537993ba99e69dfaafa59ed015b17504d1,3B,required,17,0.3,all_mlp_projections,108,1024,508,planned,,,,,,,,,
s4_llama_full_mlp_feasibility__seed17__rate0p300,s4_llama_full_mlp_feasibility,A_post_training_no_backward,scalability_smoke,False,False,independent_train_validation_test_splits_test_reserved_until_after_validation_selection,meta-llama/Llama-2-7b-hf,meta-llama/Llama-2-7b-hf,7B,optional,17,0.3,all_mlp_projections,96,768,381,planned,,,,,,,,,
s4_mistral_full_mlp_feasibility__seed17__rate0p300,s4_mistral_full_mlp_feasibility,A_post_training_no_backward,scalability_smoke,False,False,independent_train_validation_test_splits_test_reserved_until_after_validation_selection,mistralai/Mistral-7B-v0.1,mistralai/Mistral-7B-v0.1,7B,optional,17,0.3,all_mlp_projections,96,768,381,planned,,,,,,,,,
